[{"model": "admin.logentry", "pk": 1, "fields": {"action_time": "2022-06-29T00:58:01.602Z", "user": 1, "content_type": 7, "object_id": "1", "object_repr": "anubisvapes.example.com", "action_flag": 2, "change_message": "[{\"changed\": {\"fields\": [\"Domain name\", \"Display name\"]}}]"}}, {"model": "admin.logentry", "pk": 2, "fields": {"action_time": "2022-06-29T01:08:38.672Z", "user": 1, "content_type": 8, "object_id": "1", "object_repr": "tomcondemned@hotmail.co.uk", "action_flag": 2, "change_message": "[{\"changed\": {\"fields\": [\"Verified\", \"Primary\"]}}]"}}, {"model": "admin.logentry", "pk": 3, "fields": {"action_time": "2022-07-30T15:19:01.810Z", "user": 1, "content_type": 15, "object_id": "1", "object_repr": "AC640E9F652C44BF9A6AAD0EA9ADD07C", "action_flag": 2, "change_message": "[{\"deleted\": {\"name\": \"order line item\", \"object\": \"SKU 010202 on order AC640E9F652C44BF9A6AAD0EA9ADD07C\"}}]"}}, {"model": "auth.user", "pk": 1, "fields": {"password": "pbkdf2_sha256$260000$c6Vx2Cv1OgdyLTCstj6lT3$Xu9oyaXWg/sx9OZ+uybdrjTn427s+mtPknsQBBTYWjA=", "last_login": "2022-08-07T00:55:14.648Z", "is_superuser": true, "username": "8stringking", "first_name": "", "last_name": "", "email": "tomcondemned@hotmail.co.uk", "is_staff": true, "is_active": true, "date_joined": "2022-06-29T00:43:18.417Z", "groups": [], "user_permissions": []}}, {"model": "auth.user", "pk": 2, "fields": {"password": "pbkdf2_sha256$260000$GI8tMx0PeI6EMxz5TtjE3a$CAlCTMnhSTt5gpmxfjMCtabtil0RNT+riVSn69dks2M=", "last_login": "2022-08-04T17:50:44.812Z", "is_superuser": false, "username": "tom0155", "first_name": "", "last_name": "", "email": "sk8erboi1989_13@hotmail.com", "is_staff": false, "is_active": true, "date_joined": "2022-07-31T14:08:47.923Z", "groups": [], "user_permissions": []}}, {"model": "sessions.session", "pk": "5xe9dg3w7f86ph3lh6fba47t6zg4l2is", "fields": {"session_data": ".eJxVjMsOwiAURP-FdUMAKe3t0r3fQHhcLGrAADUa47_bJl3ocmbOnDfRZmmzXioWHT2ZCCfdb2eNu2LaBn8x6Zypy6mVaOmG0H2t9JQ93o47-yeYTZ3XtwUUgzACvEAOXio59L1aY5CjYnzEAw-cOUAYkUkZgDMBsvfgnRUmqE1asdaYk8bnPZYXmVhHqnmgjilkMrWy4OcLszNEiw:1oIEfX:ooSzlIMdptDVnvDKiieT50aol7dtKy60neQjwYEnSLE", "expire_date": "2022-08-14T19:32:07.834Z"}}, {"model": "sessions.session", "pk": "6i8gvgrqxvd08bpwghpvxhykinc1tmk0", "fields": {"session_data": ".eJxVjE0OwiAYRO_C2hAoP4JL956BDOXTogZMaRON8e62SRe6m8y8eW8WME9DmBuNISd2YJLtfruI_kZlHdIV5VJ5X8s05shXhG9r46ea6H7c2D_BgDYsb0DJ5NFFn7x3zihrLInO72PUxkIokjgLGTuttXICsEa4JSQFaEVYpY1ay7UEej7y-GIH8fkCZfE-Zw:1oJgRb:YCxCwML5X8B-uuEDcbI1V-8Wbgwn1EjRKl6KR_G3F6Y", "expire_date": "2022-08-18T19:23:43.918Z"}}, {"model": "sessions.session", "pk": "bwfr8vl8x9k2gjfg5tc9n9fwz570nol1", "fields": {"session_data": ".eJxVjMsOgjAURP_lrglpayncLt37DU0ft1A1xVBINIR_FxIWupyZM2cFY5d5MEuhyaQAGjhUv52z_kH5GMLd5n6s_ZjnKbn6QOpzLfVtDPS8nuyfYLBl2N8OSbTCCgyCOAapZNs0ao9Rdorxji48cuaRsCMmZUTOBMomYPBO2KgOaaFS0pgNvV9p-oBmFTjbg14BOWi-bV8fjUJM:1oIgB8:vaNuarq9QhUL00t_ORzk6KQTP2NvJ5lKnmQ6o-UCIlM", "expire_date": "2022-08-16T00:54:34.607Z"}}, {"model": "sessions.session", "pk": "dgqqr9fjfdbdrp29vmhcui8yqtb3xl00", "fields": {"session_data": ".eJxVjMsOgjAURP-la9K09GHL0r3f0NxLr1A1raGQaIj_LiQsdDeZOXNWFmCZx7BUmkKKrGOSNb8dQn-nvA_xBnkovC95nhLyHeHHWvmlRHqcD_ZPMEIdtzeAktFDiz5675xR1lgSrT8hamNBKJJwFRJbrbVyAsAa4bYQFYBWBLu0Uq2p5ECvZ5rerBMNQxhYt34-X6JRQTM:1oK6pH:fr8PlNhqJUuaVn7woCFbzmTTskw9cmPEwxGv4psmLak", "expire_date": "2022-08-19T23:33:55.926Z"}}, {"model": "sessions.session", "pk": "h4hwt31vc633fqlwteri8327iqo11m9k", "fields": {"session_data": ".eJxVjEEOwiAURO_C2hBASvu7dO8ZCPA_FjVgoE00xrvbJl3ocmbevDezbpknuzSqNiEbmWSH3867cKO8DXh1-VJ4KHmuyfMN4fva-Lkg3U87-yeYXJvWtwdSvXIKUJEE1Eb3XWfWGPVghBzoKKMUAQgGElpHkEKB7hAweOWi2aSNWkslW3o-Un2xUXy-W88-Zw:1o6MCQ:FFVAC40IlYFLoQ0PojTDo1HJGGbos1PEt95fnnEG57E", "expire_date": "2022-07-13T01:08:58.820Z"}}, {"model": "sessions.session", "pk": "h6mgqgid7fq4jbt4oblgkatfxlm02031", "fields": {"session_data": ".eJxVjMsOwiAURP_lrg3hLbB07zeQS8EWNWBKm2ia_rtt0k13k5kzZ4GAPbgFtADH1wt4nKfBzy2NPkdwwODUBexeqexDfGLpK-lqmcYcyI6QY23kXmN63w72JBiwDdsbUbBokQcbrTVGCa10otxeQ5BKIxWJ4YOywKWUwlBErajZQhSIUiTcpS21lmvx6fvJ4w8cXf9xikJM:1oKUe4:uRl4mzYoO-jBgnUllPzcbAH_Wvb98_9GOSTXiBQp7Kc", "expire_date": "2022-08-21T00:59:56.582Z"}}, {"model": "sessions.session", "pk": "hqr85vdyg833ekflogvnprerzxoli9cp", "fields": {"session_data": ".eJxVjEEOwiAQRe_C2pCpVAJduvcMZGBmLGrAlDbRGO-uTbrQ7X_vv5cKuMxjWBpPIZMa1F7tfreI6cplBXTBcq461TJPOepV0Rtt-lSJb8fN_QuM2Mbv2zprDxIdeW_6aMSABdMLiDiL7J3vJDEZ6BCBQDyJjT4SkUmSoOM12ri1XEvgxz1PTzXA-wOfOkAM:1oJf11:0ch3Btds1XK3oUwnLQNdQQh0I6HhNyO8P8VQd3PAjmI", "expire_date": "2022-08-18T17:52:11.107Z"}}, {"model": "sessions.session", "pk": "j8tfpzz4s4r1wcnkk46j3a5mnl0qgzid", "fields": {"session_data": ".eJxVjMEOwiAQRP-FsyGAQFmP3v0GsrCLVA1NSnsy_rtt0oMeZ96beYuI61Lj2nmOI4mL0OL02yXMT247oAe2-yTz1JZ5THJX5EG7vE3Er-vh_h1U7HVbJ2AzGDRAhjWQ9XZwzm-x2OCVDnzWRasMDIGVtQW0MmAdAeVksHjx-QLCMTcq:1oAZUk:vZwc3tBR0lfrGgKyVBc4ftVrsQd3ECTM0ShSVclyL24", "expire_date": "2022-07-24T16:09:18.254Z"}}, {"model": "sessions.session", "pk": "k5srlfp4aa079t3dznonkyxojm37qaz3", "fields": {"session_data": ".eJxVjEEOgyAURO_y18YABRWW3fcMBOSjtA00oE0b492rjYt2NZl5M7OANvM06rlg1sGBAgrVb2ZNf8O4A3c1cUh1n-KUg633Sn3QUl-Sw_v56P4djKaM29pKZC0zTDqGVDre8FaIZrOedw2hHZ6op6SXKDsknHtJCZNcOOl6y4xv9tOCpYQUNb4eIb9BkQqKeaIO0SdQU56xAmsGUAsIAYpWQNlX2GmTdf0A0wBK7g:1oIcwc:mtfcsRTpWw9QhO5cB6SVqKenimkMi5rY3R-hlPDIjbk", "expire_date": "2022-08-15T21:27:22.367Z"}}, {"model": "sessions.session", "pk": "ktfmghpb518cvgb2w8feugwl9vzfplwd", "fields": {"session_data": ".eJxVjMsOwiAURP_lrg3hXWDp3m8gl4ItasCUNtE0_rtt0k13k5kzZ4WAA7gVVAeO_y7gcZlHv7Q0-RzBAYNTF7B_prIP8YFlqKSvZZ5yIDtCjrWRW43pdT3Yk2DENm5vRMGiRR5stNYYJbTSiXLbhSCVRioSwztlgUsphaGIWlGzhSgQpUi4S1tqLdfi0-edpy84-vsDc9VCTw:1oJQPV:0TqE20A5ylmRZN-K8BJR-UuypjXvlr7ruY7DTIaHvoU", "expire_date": "2022-08-18T02:16:29.813Z"}}, {"model": "sessions.session", "pk": "m0wsg8ylal2lspipe044z3g3382zzq64", "fields": {"session_data": ".eJxVjE0OwiAYRO_C2hAoP4JL956BDOXTogZMaRON8e62SRe6m8y8eW8WME9DmBuNISd2YJLtfruI_kZlHdIV5VJ5X8s05shXhG9r46ea6H7c2D_BgDYsb0DJ5NFFn7x3zihrLInO72PUxkIokjgLGTuttXICsEa4JSQFaEVYpY1ay7UEej7y-GIH8fkCZfE-Zw:1oJgj7:x9pjDHHjiFaUSy_QcCkyTAXqD9MsPJmcEFtIwVU1Jso", "expire_date": "2022-08-18T19:41:49.448Z"}}, {"model": "sessions.session", "pk": "o0hig7v6v5if80iq7t455rheqiht7a1f", "fields": {"session_data": "e30:1oI9Wy:de8jABkYUVIipaCa3638r9yJ0au2HXxCuxYlPoEaKvg", "expire_date": "2022-08-14T14:02:56.761Z"}}, {"model": "sessions.session", "pk": "ppi1r9jwagt7r1tb851pnx5rp0hksdmo", "fields": {"session_data": ".eJxVjMsOwiAURP-FtSFQHkKX7v0Gcim3Fm3A9LZGY_x326Sb7iYzZ86XEbww5NJX1vYwEp5YgGUewkI4hZxYyyQ7dBG6B5ZtSHcot8q7WuYpR74hfF-JX2vC8bKzB8EANKxvACWThyb65L1zRlljUTT-HKM2FoRCCb2QsdFaKycArBFuDUkBaIWwSQmJci0B3888fVgrfn9zJ0TW:1oK5rs:o1dymc9zBJ3qV81sgYySApR8YXh6g-pSQ23APteGxng", "expire_date": "2022-08-19T22:32:32.130Z"}}, {"model": "sessions.session", "pk": "ufnw07t74fvlskl159j7hse6x0xcj32r", "fields": {"session_data": ".eJxVjEEOwiAURO_C2hBASvu7dO8ZCPA_FjVgoE00xrvbJl3ocmbevDezbpknuzSqNiEbmWSH3867cKO8DXh1-VJ4KHmuyfMN4fva-Lkg3U87-yeYXJvWtwdSvXIKUJEE1Eb3XWfWGPVghBzoKKMUAQgGElpHkEKB7hAweOWi2aSNWkslW3o-Un2xUXy-W88-Zw:1oI9hl:V8329oNiV5_PIteaJzXlFtAVuxc2D0kDzcmG0VwAroc", "expire_date": "2022-08-14T14:14:05.360Z"}}, {"model": "sessions.session", "pk": "wsh2nbmxgbayut1o38a75njz00ejh9u7", "fields": {"session_data": "eyJzYXZlX2luZm8iOmZhbHNlfQ:1oKdXk:xLBzUvrUiS9PFrLkzf1HoLVPTuVF-UyI340dVU5L17Q", "expire_date": "2022-08-21T10:30:00.280Z"}}, {"model": "sessions.session", "pk": "xvo19fksmesfuo37vrcdv153y9jw4ut7", "fields": {"session_data": ".eJxVjEEOwiAURO_C2hBASvu7dO8ZCPA_FjVgoE00xrvbJl3ocmbevDezbpknuzSqNiEbmWSH3867cKO8DXh1-VJ4KHmuyfMN4fva-Lkg3U87-yeYXJvWtwdSvXIKUJEE1Eb3XWfWGPVghBzoKKMUAQgGElpHkEKB7hAweOWi2aSNWkslW3o-Un2xUXy-W88-Zw:1oJ2Gm:yP_xV0QjG_Xf3FTub1WxLuYIxSZR92uquHs0unDsDMs", "expire_date": "2022-08-17T00:29:52.417Z"}}, {"model": "sites.site", "pk": 1, "fields": {"domain": "anubisvapes.example.com", "name": "Anubis Vapes"}}, {"model": "account.emailaddress", "pk": 1, "fields": {"user": 1, "email": "tomcondemned@hotmail.co.uk", "verified": true, "primary": true}}, {"model": "account.emailaddress", "pk": 2, "fields": {"user": 2, "email": "sk8erboi1989_13@hotmail.com", "verified": true, "primary": true}}, {"model": "products.category", "pk": 1, "fields": {"name": "concentrates", "friendly_name": "Concentrates"}}, {"model": "products.category", "pk": 2, "fields": {"name": "short_fills", "friendly_name": "Short Fills"}}, {"model": "products.category", "pk": 3, "fields": {"name": "premix", "friendly_name": "Premix"}}, {"model": "products.category", "pk": 4, "fields": {"name": "anubis_vape_juice", "friendly_name": "Anubis Vape Juice"}}, {"model": "products.category", "pk": 5, "fields": {"name": "tanks", "friendly_name": "Tanks"}}, {"model": "products.category", "pk": 6, "fields": {"name": "rtas", "friendly_name": "RTA's"}}, {"model": "products.category", "pk": 7, "fields": {"name": "pods", "friendly_name": "Pod's"}}, {"model": "products.category", "pk": 8, "fields": {"name": "new", "friendly_name": "New"}}, {"model": "products.category", "pk": 9, "fields": {"name": "deals", "friendly_name": "Deals"}}, {"model": "products.category", "pk": 10, "fields": {"name": "clearance", "friendly_name": "Clearance"}}, {"model": "products.category", "pk": 11, "fields": {"name": "all_specials", "friendly_name": "All Specials"}}, {"model": "products.product", "pk": 1, "fields": {"category": 1, "sku": "001501", "name": "Apple", "description": "A fresh, smooth and sweet apple based off a granny smith apple", "price": "3.99", "rating": "4.20", "image_url": "https://www.dropbox.com/s/scj852oprswzzb4/apple.jpg?dl=0", "image": "apple.jpg"}}, {"model": "products.product", "pk": 2, "fields": {"category": 1, "sku": "001502", "name": "Banana", "description": "A ripe and sweet creamy banana flavour", "price": "3.99", "rating": "4.80", "image_url": "https://www.dropbox.com/s/k8rx6evckzt54b4/banana.jpg?dl=0", "image": "banana.jpg"}}, {"model": "products.product", "pk": 3, "fields": {"category": 1, "sku": "001503", "name": "Blue Slush", "description": "A perfectly balanced, sweet, and rich blueberry slush flavour", "price": "3.99", "rating": "5.00", "image_url": "https://www.dropbox.com/s/2exdbgflm1gpcvx/blue-Slush.jpg?dl=0", "image": "blue-slush.jpg"}}, {"model": "products.product", "pk": 4, "fields": {"category": 1, "sku": "001504", "name": "Blueberry", "description": "A sweet, and natural blueberry flavour", "price": "3.99", "rating": "4.10", "image_url": "https://www.dropbox.com/s/jn9je1drlgpujdx/blueberry.jpg?dl=0", "image": "blueberry.jpg"}}, {"model": "products.product", "pk": 5, "fields": {"category": 1, "sku": "001505", "name": "Grape", "description": "A balanced mix of natural grape flavours", "price": "3.99", "rating": "4.60", "image_url": "https://www.dropbox.com/s/zkz08d3cx4f1q2h/grape.jpg?dl=0", "image": "grape.jpg"}}, {"model": "products.product", "pk": 6, "fields": {"category": 1, "sku": "001506", "name": "Peach", "description": "A creamy and rich peach flavour", "price": "3.99", "rating": "4.50", "image_url": "https://www.dropbox.com/s/x6ge144j54y3tfg/peach.jpg?dl=0", "image": "peach.jpg"}}, {"model": "products.product", "pk": 7, "fields": {"category": 1, "sku": "001507", "name": "Pear", "description": "A rich, natural and sweet pear flavour", "price": "3.99", "rating": "4.70", "image_url": "https://www.dropbox.com/s/4ox1tootr1gfgw6/pear.jpg?dl=0", "image": "pear.jpg"}}, {"model": "products.product", "pk": 8, "fields": {"category": 1, "sku": "001508", "name": "Strawberry and Kiwi", "description": "A perfect blend of the sweetest Strawberries and kiwi's", "price": "3.99", "rating": "5.00", "image_url": "https://www.dropbox.com/s/a7yiylfjn3w3sia/strawb-kiwi.jpg?dl=0", "image": "strawb-kiwi.jpg"}}, {"model": "products.product", "pk": 9, "fields": {"category": 1, "sku": "001509", "name": "Strawberry", "description": "A perfect pick of the sweetest Strawberries", "price": "3.99", "rating": "4.40", "image_url": "https://www.dropbox.com/s/7b0bnxixwyu7k4h/strawberry.jpg?dl=0", "image": "strawberry.jpg"}}, {"model": "products.product", "pk": 10, "fields": {"category": 1, "sku": "001510", "name": "Summer Fruits", "description": "A perfect blend of the most sweetest Summer Fruits", "price": "3.99", "rating": "5.00", "image_url": "https://www.dropbox.com/s/wcz9npwpe7n8fap/summer-fruits.jpg?dl=0", "image": "summer-fruits.jpg"}}, {"model": "products.product", "pk": 11, "fields": {"category": 2, "sku": "001601", "name": "Apple and Blackcurrant", "description": "A perfectly balanced blend of apples and blackcurrants", "price": "9.99", "rating": "4.30", "image_url": "https://www.dropbox.com/s/xzi4hub481aaqvg/apple-blackcurrant.jpg?dl=0", "image": "apple-blackcurrant.jpg"}}, {"model": "products.product", "pk": 12, "fields": {"category": 2, "sku": "001602", "name": "Apple Crumble", "description": "A perfect recipe of a traditional british apple crumble", "price": "9.99", "rating": "4.00", "image_url": "https://www.dropbox.com/s/h8ij7e1sj96y4ih/apple-crumble.jpg?dl=0", "image": "apple-crumble.jpg"}}, {"model": "products.product", "pk": 13, "fields": {"category": 2, "sku": "001603", "name": "Banana Milkshake", "description": "A deliciously sweet banana milkshake", "price": "9.99", "rating": "5.00", "image_url": "https://www.dropbox.com/s/ao73g0m2jn48x1h/banana-milkshake.jpg?dl=0", "image": "banana-milkshake.jpg"}}, {"model": "products.product", "pk": 14, "fields": {"category": 2, "sku": "001604", "name": "Banoffee Pie", "description": "A deliciously sweet banoffee pie", "price": "9.99", "rating": "4.60", "image_url": "https://www.dropbox.com/s/n098vq1vcxszkc8/banoffee-pie.jpg?dl=0", "image": "banoffee-pie.jpg"}}, {"model": "products.product", "pk": 15, "fields": {"category": 2, "sku": "001605", "name": "Berry Blast", "description": "An amazing blend of delicious berry fruits", "price": "9.99", "rating": "5.00", "image_url": "https://www.dropbox.com/s/ys5u4e54t5p6wpa/berry-blast.jpg?dl=0", "image": "berry-blast.jpg"}}, {"model": "products.product", "pk": 16, "fields": {"category": 2, "sku": "001606", "name": "Orchard Apple", "description": "A truly delicious apple from the finest countryside orchards", "price": "9.99", "rating": "4.50", "image_url": "https://www.dropbox.com/s/ti2cgbjqg04sgw0/orchard-apple.jpg?dl=0", "image": "orchard-apple.jpg"}}, {"model": "products.product", "pk": 17, "fields": {"category": 2, "sku": "001607", "name": "Ripple Ice Cream", "description": "A truly cornish blend of raspberry ripple ice cream", "price": "9.99", "rating": "4.90", "image_url": "https://www.dropbox.com/s/alkjqyn40e520bw/ripple-ice-cream.jpg?dl=0", "image": "ripple-ice-cream.jpg"}}, {"model": "products.product", "pk": 18, "fields": {"category": 2, "sku": "001608", "name": "Salted Caramel", "description": "A tasty stick traditional salted caramel flavour", "price": "9.99", "rating": "5.00", "image_url": "https://www.dropbox.com/s/qee314hosfi1881/salted-caramel.jpg?dl=0", "image": "salted-caramel.jpg"}}, {"model": "products.product", "pk": 19, "fields": {"category": 2, "sku": "001609", "name": "Tropical", "description": "A cocktail style blend of tropical fruits", "price": "9.99", "rating": "4.80", "image_url": "https://www.dropbox.com/s/nggpz6f98l5r5z8/tropical.jpg?dl=0", "image": "tropical.jpg"}}, {"model": "products.product", "pk": 20, "fields": {"category": 2, "sku": "001610", "name": "Watermelon", "description": "The taste of a fresh delicious watermelon", "price": "9.99", "rating": "4.20", "image_url": "https://www.dropbox.com/s/jpe3irueryuslc6/watermelon.jpg?dl=0", "image": "watermelon.jpg"}}, {"model": "products.product", "pk": 21, "fields": {"category": 3, "sku": "001701", "name": "Cherry Cola", "description": "A traditional delicious cherry cola flavour", "price": "15.99", "rating": "3.90", "image_url": "https://www.dropbox.com/s/beyhw54q41yi2bg/cherry-cola.jpg?dl=0", "image": "cherry-cola.jpg"}}, {"model": "products.product", "pk": 22, "fields": {"category": 3, "sku": "001702", "name": "Cola", "description": "A traditional delicious cola flavour", "price": "15.99", "rating": "4.40", "image_url": "https://www.dropbox.com/s/3k9gl9s11isn5j8/cola.jpg?dl=0", "image": "cola.jpg"}}, {"model": "products.product", "pk": 23, "fields": {"category": 3, "sku": "001703", "name": "Honey and Lemon", "description": "A delicious blend of honey and lemon", "price": "15.99", "rating": "4.90", "image_url": "https://www.dropbox.com/s/8zl8qbtisau6cht/honey-lemon.jpg?dl=0", "image": "honey-lemon.jpg"}}, {"model": "products.product", "pk": 24, "fields": {"category": 3, "sku": "001704", "name": "Lemon and Lime", "description": "A delicious blend of lemon and lime", "price": "15.99", "rating": "4.60", "image_url": "https://www.dropbox.com/s/xwo8gjmqeb0migf/lemon-lime.jpg?dl=0", "image": "lemon-lime.jpg"}}, {"model": "products.product", "pk": 25, "fields": {"category": 3, "sku": "001705", "name": "Lemon", "description": "The delicious test of lemon", "price": "15.99", "rating": "4.30", "image_url": "https://www.dropbox.com/s/l2g7pu7eepsa27m/lemon.jpg?dl=0", "image": "lemon.jpg"}}, {"model": "products.product", "pk": 26, "fields": {"category": 3, "sku": "001706", "name": "Mango", "description": "The delicious test of mango", "price": "15.99", "rating": "5.00", "image_url": "https://www.dropbox.com/s/828j7yumeqdxqel/mango.jpg?dl=0", "image": "mango.jpg"}}, {"model": "products.product", "pk": 27, "fields": {"category": 3, "sku": "001707", "name": "Orange", "description": "The delicious test of fresh orange", "price": "15.99", "rating": "4.00", "image_url": "https://www.dropbox.com/s/rlvmj03xjdgo46h/orange.jpg?dl=0", "image": "orange.jpg"}}, {"model": "products.product", "pk": 28, "fields": {"category": 3, "sku": "001708", "name": "Pineapple", "description": "The delicious test of fresh pineapple", "price": "15.99", "rating": "4.50", "image_url": "https://www.dropbox.com/s/qb4vukun2x0v4fe/pineapple.jpg?dl=0", "image": "pineapple.jpg"}}, {"model": "products.product", "pk": 29, "fields": {"category": 3, "sku": "001709", "name": "Pink Berries", "description": "The delicious blend of fresh pink berries", "price": "15.99", "rating": "4.70", "image_url": "https://www.dropbox.com/s/ugk1qmtsm6wozeh/pink-berries.jpg?dl=0", "image": "pink-berries.jpg"}}, {"model": "products.product", "pk": 30, "fields": {"category": 3, "sku": "001710", "name": "Vanilla", "description": "The delicious taste of vanilla", "price": "15.99", "rating": "4.40", "image_url": "https://www.dropbox.com/s/n53wc4an0mz3pq4/vanilla.jpg?dl=0", "image": "vanilla.jpg"}}, {"model": "products.product", "pk": 31, "fields": {"category": 4, "sku": "006601", "name": "Bubblegum", "description": "The delicious taste of bubblegum", "price": "19.99", "rating": "4.80", "image_url": "https://www.dropbox.com/s/363atsn90wp59e5/bubblegum.jpg?dl=0", "image": "bubblegum.jpg"}}, {"model": "products.product", "pk": 32, "fields": {"category": 4, "sku": "006602", "name": "Candy Hearts", "description": "The delicious taste of candy hearts", "price": "19.99", "rating": "4.90", "image_url": "https://www.dropbox.com/s/cc7i1cl0raw2ovr/candy-hearts.jpg?dl=0", "image": "candy-hearts.jpg"}}, {"model": "products.product", "pk": 33, "fields": {"category": 4, "sku": "006603", "name": "Cheesecake", "description": "The delicious taste of traditional New York cheesecake", "price": "19.99", "rating": "5.00", "image_url": "https://www.dropbox.com/s/u5h086w82ty5sab/cheesecake.jpg?dl=0", "image": "cheesecake.jpg"}}, {"model": "products.product", "pk": 34, "fields": {"category": 4, "sku": "006604", "name": "Cherry Bakewell", "description": "The taste of traditional british cherry bakewells", "price": "19.99", "rating": "4.50", "image_url": "https://www.dropbox.com/s/r4cjp53al0q8n5s/cherry-bakewell.jpg?dl=0", "image": "cherry-bakewell.jpg"}}, {"model": "products.product", "pk": 35, "fields": {"category": 4, "sku": "006605", "name": "Cherry", "description": "The taste of fresh traditional british cherries", "price": "19.99", "rating": "4.30", "image_url": "https://www.dropbox.com/s/99wz6utsm9vfuxp/cherry.jpg?dl=0", "image": "cherry.jpg"}}, {"model": "products.product", "pk": 36, "fields": {"category": 4, "sku": "006606", "name": "Forest Fruits", "description": "A delicious blend of forest fruits", "price": "19.99", "rating": "5.00", "image_url": "https://www.dropbox.com/s/r558yxrkjsslvyk/forest-fruits.jpg?dl=0", "image": "forest-fruits.jpg"}}, {"model": "products.product", "pk": 37, "fields": {"category": 4, "sku": "006607", "name": "Fruit Punch", "description": "A delicious taste of fruit punch", "price": "19.99", "rating": "4.60", "image_url": "https://www.dropbox.com/s/7yiurt6dfl0bog9/fruit-punch.jpg?dl=0", "image": "fruit-punch.jpg"}}, {"model": "products.product", "pk": 38, "fields": {"category": 4, "sku": "006608", "name": "Jam Doughnut", "description": "The taste of a delicious jam doughnut", "price": "19.99", "rating": "4.10", "image_url": "https://www.dropbox.com/s/bfcpsofiia3kc3h/jam-doughnut.jpg?dl=0", "image": "jam-doughnut.jpg"}}, {"model": "products.product", "pk": 39, "fields": {"category": 4, "sku": "006609", "name": "Madagascan Vanilla", "description": "The taste of delicious madagascan vanilla", "price": "19.99", "rating": "4.80", "image_url": "https://www.dropbox.com/s/s6kacxkeeu46h1v/madagascan-vanilla.jpg?dl=0", "image": "madagascan-vanilla.jpg"}}, {"model": "products.product", "pk": 40, "fields": {"category": 4, "sku": "006610", "name": "Strawberry Milkshake", "description": "The taste of a delicious strawberry milkshake", "price": "19.99", "rating": "5.00", "image_url": "https://www.dropbox.com/s/31f2hwpf2grx0i6/strawberry-milkshake.jpg?dl=0", "image": "strawberry-milkshake.jpg"}}, {"model": "products.product", "pk": 41, "fields": {"category": 5, "sku": "010101", "name": "Aspire Athos", "description": "The Aspire Athos Tank - the latest release from Aspire. The design of the Athos takes inspiration from the Aspire EXO Tank but with some added improvements to the overall functionality of the tank. The Athos tank features adjustable airflow and a brand new penta-coil head design, that holds five coils in one atomiser head with 0.16ohm resistance.", "price": "14.99", "rating": "3.90", "image_url": "https://www.dropbox.com/s/kq17m52abb74cqi/aspire-athos.JPG?dl=0", "image": "aspire-athos.jpg"}}, {"model": "products.product", "pk": 42, "fields": {"category": 5, "sku": "010102", "name": "Aspire Guroo", "description": "The Aspire Guroo sub-ohm tank is designed for use with the Vrod 200W Vape Kit. The tank has a 2ml e-liquid capacity, leaving you plenty of room to squeeze in your favourite e-liquid. The Guroo tank features adjustable airflow, adding another layer of customisation.", "price": "19.99", "rating": "4.20", "image_url": "https://www.dropbox.com/s/me3j6rnjpx0vkye/aspire-guroo.JPG?dl=0", "image": "aspire-guroo.jpg"}}, {"model": "products.product", "pk": 43, "fields": {"category": 5, "sku": "010103", "name": "Freemax Mesh Pro", "description": "The world's first double and triple mesh coil sub-ohm tank, FreeMax's Mesh Pro features an exquisite design and packs an almighty punch considering its minuscule size. Featuring a 2ml capacity and a thoroughly appealing design, the FreeMax Mesh Pro tank also utilises top filling and bottom airflow that has been designed for a smoother flavour.", "price": "28.99", "rating": "4.80", "image_url": "https://www.dropbox.com/s/yp4uawgaguzwlx2/freemax-mesh-pro.JPG?dl=0", "image": "freemax-mesh-pro.jpg"}}, {"model": "products.product", "pk": 44, "fields": {"category": 5, "sku": "010104", "name": "Smok TFV Mini V2", "description": "The TFV Mini V2 from Smok offers a sub-ohm vaping tank that provides an immensely enjoyable vaping experience. Utilising the impressive Mini V2 A1 0.17ohm and Mini V2 A2 0.2ohm coils, this wonderful tank produces thick clouds of flavoursome vapour when paired with your preferred vape juice.", "price": "18.99", "rating": "4.60", "image_url": "https://www.dropbox.com/s/h63roaiffwokkuv/smok-tfv-mini-v2.JPG?dl=0", "image": "smok-tfv-mini-v2.jpg"}}, {"model": "products.product", "pk": 45, "fields": {"category": 5, "sku": "010105", "name": "Smok TFV18 Mini", "description": "Introducing the brand new TFV18 Mini vape tank by Smok which provides sub-ohm vapers with the ideal tank that is small in size but big in power output. The TFV18 Mini utilises two variations of low resistance mesh coils this new Smok vape tank will create delicious flavour and vapour and can be used up to 140W.", "price": "19.99", "rating": "5.00", "image_url": "https://www.dropbox.com/s/xmcy2l0ykds42if/smok-tfv18-mini.JPG?dl=0", "image": "smok-tfv18-mini.jpg"}}, {"model": "products.product", "pk": 46, "fields": {"category": 5, "sku": "010106", "name": "Uwell Crown 5", "description": "The Uwell Crown 5 Tank is an outstanding upgrade on its predecessor, providing an excellent vaping experience for sub-ohm fans. Made from stainless steel and pyrex glass, the tank has been expertly polished to provide a sleek and smooth feel.", "price": "19.99", "rating": "5.00", "image_url": "https://www.dropbox.com/s/agpxmxhhqi7yy8f/uwell-crown-5.JPG?dl=0", "image": "uwell-crown-5.jpg"}}, {"model": "products.product", "pk": 47, "fields": {"category": 5, "sku": "010107", "name": "Vapefly Kriemhild 2", "description": "The Vapefly Kriemhild 2 is the new and improved version of the ever-popular Kriemhild Stock Coil sub-ohm tank. Designed with sub-ohm vapers in mind, this brilliant tank has a range of features that provide you with an unmatched vaping experience.", "price": "24.99", "rating": "4.80", "image_url": "https://www.dropbox.com/s/xj6izrozgm32a2n/vapefly-kriemhild-2.JPG?dl=0", "image": "vapefly-kriemhild-2.jpg"}}, {"model": "products.product", "pk": 48, "fields": {"category": 5, "sku": "010108", "name": "Voopoo Maat", "description": "The all new MAAT tank is compatible with the Argus GT 2 Vape Kit by VooPoo. This tank is packed with an array of new, advanced features to enhance your vaping experience. This tank uses stainless steel and Pyrex material to prevent overheating and corrosion damage.", "price": "19.99", "rating": "4.40", "image_url": "https://www.dropbox.com/s/vvl0c8rzfvyl6lh/voopoo-maat.JPG?dl=0", "image": "voopoo-maat.jpg"}}, {"model": "products.product", "pk": 49, "fields": {"category": 5, "sku": "010109", "name": "Voopoo PnP-X Pod Tank", "description": "The VooPoo PnP-X Pod Tank is a vape tank that has been designed to create incredible flavour and vapour with the Drag S PnP-X and Drag X PnP-X Vape Kits. The tanks are compatible with the PnP range of coils, also manufactured by VooPoo.", "price": "12.99", "rating": "4.20", "image_url": "https://www.dropbox.com/s/o9h7gtcyq3udxrx/voopoo-pnp-x.JPG?dl=0", "image": "voopoo-pnp-x.jpg"}}, {"model": "products.product", "pk": 50, "fields": {"category": 5, "sku": "010110", "name": "Voopoo Tpp-X Tank", "description": "The brand new TPP X Pod tanks from VooPoo take vaping to the next level. Featuring a highly impressive 360 degree adjustable airflow, replacement mesh coils and a high power capability, the TPP X Pod Tank will offer amazing flavour and vapour production. This sub-ohm pod tank is designed for use with high VG E-Liquid and will offer a truly memorable vaping experience.", "price": "9.99", "rating": "4.10", "image_url": "https://www.dropbox.com/s/khcokx5v2jber0b/voopoo-tpp-x.JPG?dl=0", "image": "voopoo-tpp-x.jpg"}}, {"model": "products.product", "pk": 51, "fields": {"category": 6, "sku": "010201", "name": "GeekVape Zeus RDA", "description": "The Zeus RDA by Geekvape is a brand new rebuildable dripping atomizer (RDA) that features a new aesthetically pleasing design and offers unrivalled flavour from the Z series line of vaping products. It is optimised for sub-ohm vaping and has a wide bottom airflow that creates an improved vapour production and can be easily topped up with e-liquid from the top of the atomizer and features a deep juice well that holds excess e-liquid.", "price": "11.99", "rating": "4.80", "image_url": "https://www.dropbox.com/s/erunz6o5ao4xvg2/geekvape-zeus-rda.JPG?dl=0", "image": "geekvape-zeus-rda.jpg"}}, {"model": "products.product", "pk": 52, "fields": {"category": 6, "sku": "010202", "name": "HellVape Dead Rabbit 3", "description": "The Hellvape Dead Rabbit 3 RTA features a 2ml e-liquid capacity which can easily be filled at the top to minimise leakage. There is also a 810 drip tip as well as an adjustable airflow for a smoother performance.", "price": "21.99", "rating": "5.00", "image_url": "https://www.dropbox.com/s/fl8tplqld0nqkr8/hellvape-dead-rabbit-3.JPG?dl=0", "image": "hellvape-dead-rabbit-3.jpg"}}, {"model": "products.product", "pk": 53, "fields": {"category": 6, "sku": "010203", "name": "Kylin M Pro", "description": "Check out the new Kylin M Pro RTA by Vandy Vape,improved version of the Original Kylin M. The Kylin M Pro RTA has a huge 8ml Juice Capacity while still small and compact. It measures 33.35mm (H) * 24.22mm (D). This is a Top Fill Atomizer with Top Airflow making this Leaf Proof. use the M Class Coils.", "price": "32.85", "rating": "5.00", "image_url": "https://www.dropbox.com/s/r3l8fwrc8jewe5c/kylin-m-pro.JPG?dl=0", "image": "kylin-m-pro.jpg"}}, {"model": "products.product", "pk": 54, "fields": {"category": 6, "sku": "010204", "name": "Kylin Mesh M", "description": "Vandyvape Kylin M RTA adopts durable and replaceable mesh coil that extend the coil life effectively. It got a top airflow intake preventing from dirty and oil leakage. The honercomb intake airhole plus trapezoidal airflow intake really enrich and blow out great massive cloud and mild flavor. What’s more, the ceramic sharpnel design built in the deck spurring the suppression in terms of different kinds of cotton volume, which also lower the rate of burning. With the top refilling device and inner juice diversion channel, comfortable and portable feeling are available.", "price": "32.85", "rating": "5.00", "image_url": "https://www.dropbox.com/s/pyxguavr7std3hb/kylin-mesh-m.JPG?dl=0", "image": "kylin-mesh-m.jpg"}}, {"model": "products.product", "pk": 55, "fields": {"category": 6, "sku": "010205", "name": "Wotofo Profile", "description": "Presenting the brilliant new addition to the Wotofo team, the Profile RDTA! This RDTA is the brother of the Profile RDA and is just as brilliant", "price": "26.99", "rating": "5.00", "image_url": "https://www.dropbox.com/s/3z79i83xded97om/wotofo-profile.JPG?dl=0", "image": "wotofo-profile.jpg"}}, {"model": "products.product", "pk": 56, "fields": {"category": 7, "sku": "010301", "name": "Aspire Avp Cube Pod", "description": "Presenting the brand-new and innovative Aspire AVP Cube Pod Kit. Ergonomically designed, the AVP Cube Kit's all-new cube shape fits perfectly in the palm of your hand, providing ultimate comfort.", "price": "12.99", "rating": "4.30", "image_url": "https://www.dropbox.com/s/mhfc9awq8bczirm/aspire-avp-cube-pod.JPG?dl=0", "image": "aspire-avp-cube-pod.jpg"}}, {"model": "products.product", "pk": 57, "fields": {"category": 7, "sku": "010302", "name": "Aspire BP80", "description": "Lightweight, compact, and capable of performing at an astonishing level, the new Aspire BP80 pod device is perfect for all levels of vapers. The Aspire BP80 pod vape kit is a state of the art e-cigarette that accommodates both new and experienced vapers.", "price": "24.99", "rating": "4.60", "image_url": "https://www.dropbox.com/s/bsye2e4u2atqcl3/aspire-bp80.JPG?dl=0", "image": "aspire-bp80.jpg"}}, {"model": "products.product", "pk": 58, "fields": {"category": 7, "sku": "010303", "name": "Voopoo Argus Pro", "description": "Featuring style, comfort and high-level performance, the Argus Pro Pod Kit is the brand new kit from the esteemed brand VooPoo.", "price": "25.99", "rating": "4.90", "image_url": "https://www.dropbox.com/s/0fydhnj5t4x2yyl/voopoo-argus-pro-pod.JPG?dl=0", "image": "voopoo-argus-pro-pod.jpg"}}, {"model": "products.product", "pk": 59, "fields": {"category": 7, "sku": "010304", "name": "Voopoo Drag-S", "description": "The Drag S is the new, innovative pod vape kit from the esteemed Voopoo. The VooPoo Drag S kit's ergonomic design, perfectly matches the curvature of your hands, giving you ultimate comfort while you vape.", "price": "25.99", "rating": "4.70", "image_url": "https://www.dropbox.com/s/9z721hvwnl6wmah/voopoo-drag-s-pod.JPG?dl=0", "image": "voopoo-drag-s-pod.jpg"}}, {"model": "products.product", "pk": 60, "fields": {"category": 7, "sku": "010305", "name": "Voopoo Drag-X", "description": "The VOOPOO DRAG X Mod Pod Kit is full of a range of fantastic features and innovative settings, that will revolutionise your vaping experience. With a maximum output of 80W, this device packs a real punch. The Drag X is capable of producing impressive clouds whilst not compromising on flavour and utilises the delightful VooPoo PnP coils within the VooPoo PnP Pod Tank.", "price": "23.99", "rating": "5.00", "image_url": "https://www.dropbox.com/s/i35iu0l393ua2mi/voopoo-drag-x.JPG?dl=0", "image": "voopoo-drag-x.jpg"}}, {"model": "products.product", "pk": 61, "fields": {"category": 8, "sku": "006601", "name": "Bubblegum", "description": "The delicious taste of bubblegum", "price": "19.99", "rating": "4.80", "image_url": "https://www.dropbox.com/s/363atsn90wp59e5/bubblegum.jpg?dl=0", "image": "bubblegum.jpg"}}, {"model": "products.product", "pk": 62, "fields": {"category": 8, "sku": "006602", "name": "Candy Hearts", "description": "The delicious taste of candy hearts", "price": "19.99", "rating": "4.90", "image_url": "https://www.dropbox.com/s/cc7i1cl0raw2ovr/candy-hearts.jpg?dl=0", "image": "candy-hearts.jpg"}}, {"model": "products.product", "pk": 63, "fields": {"category": 8, "sku": "006603", "name": "Cheesecake", "description": "The delicious taste of traditional New York cheesecake", "price": "19.99", "rating": "5.00", "image_url": "https://www.dropbox.com/s/u5h086w82ty5sab/cheesecake.jpg?dl=0", "image": "cheesecake.jpg"}}, {"model": "products.product", "pk": 64, "fields": {"category": 8, "sku": "006604", "name": "Cherry Bakewell", "description": "The taste of traditional british cherry bakewells", "price": "19.99", "rating": "4.50", "image_url": "https://www.dropbox.com/s/r4cjp53al0q8n5s/cherry-bakewell.jpg?dl=0", "image": "cherry-bakewell.jpg"}}, {"model": "products.product", "pk": 65, "fields": {"category": 8, "sku": "006605", "name": "Cherry", "description": "The taste of fresh traditional british cherries", "price": "19.99", "rating": "4.30", "image_url": "https://www.dropbox.com/s/99wz6utsm9vfuxp/cherry.jpg?dl=0", "image": "cherry.jpg"}}, {"model": "products.product", "pk": 66, "fields": {"category": 9, "sku": "010204", "name": "Kylin Mesh M", "description": "Vandyvape Kylin M RTA adopts durable and replaceable mesh coil that extend the coil life effectively. It got a top airflow intake preventing from dirty and oil leakage. The honercomb intake airhole plus trapezoidal airflow intake really enrich and blow out great massive cloud and mild flavor. What’s more, the ceramic sharpnel design built in the deck spurring the suppression in terms of different kinds of cotton volume, which also lower the rate of burning. With the top refilling device and inner juice diversion channel, comfortable and portable feeling are available.", "price": "32.85", "rating": "5.00", "image_url": "https://www.dropbox.com/s/pyxguavr7std3hb/kylin-mesh-m.JPG?dl=0", "image": "kylin-mesh-m.jpg"}}, {"model": "products.product", "pk": 67, "fields": {"category": 9, "sku": "010205", "name": "Wotofo Profile", "description": "Presenting the brilliant new addition to the Wotofo team, the Profile RDTA! This RDTA is the brother of the Profile RDA and is just as brilliant", "price": "26.99", "rating": "5.00", "image_url": "https://www.dropbox.com/s/3z79i83xded97om/wotofo-profile.JPG?dl=0", "image": "wotofo-profile.jpg"}}, {"model": "products.product", "pk": 68, "fields": {"category": 9, "sku": "010301", "name": "Aspire Avp Cube Pod", "description": "Presenting the brand-new and innovative Aspire AVP Cube Pod Kit. Ergonomically designed, the AVP Cube Kit's all-new cube shape fits perfectly in the palm of your hand, providing ultimate comfort.", "price": "12.99", "rating": "4.30", "image_url": "https://www.dropbox.com/s/mhfc9awq8bczirm/aspire-avp-cube-pod.JPG?dl=0", "image": "aspire-avp-cube-pod.jpg"}}, {"model": "products.product", "pk": 69, "fields": {"category": 9, "sku": "010302", "name": "Aspire BP80", "description": "Lightweight, compact, and capable of performing at an astonishing level, the new Aspire BP80 pod device is perfect for all levels of vapers. The Aspire BP80 pod vape kit is a state of the art e-cigarette that accommodates both new and experienced vapers.", "price": "24.99", "rating": "4.60", "image_url": "https://www.dropbox.com/s/bsye2e4u2atqcl3/aspire-bp80.JPG?dl=0", "image": "aspire-bp80.jpg"}}, {"model": "products.product", "pk": 70, "fields": {"category": 9, "sku": "010303", "name": "Voopoo Argus Pro", "description": "Featuring style, comfort and high-level performance, the Argus Pro Pod Kit is the brand new kit from the esteemed brand VooPoo.", "price": "25.99", "rating": "4.90", "image_url": "https://www.dropbox.com/s/0fydhnj5t4x2yyl/voopoo-argus-pro-pod.JPG?dl=0", "image": "voopoo-argus-pro-pod.jpg"}}, {"model": "products.product", "pk": 71, "fields": {"category": 10, "sku": "001501", "name": "Apple", "description": "A fresh, smooth and sweet apple based off a granny smith apple", "price": "3.99", "rating": "4.20", "image_url": "https://www.dropbox.com/s/scj852oprswzzb4/apple.jpg?dl=0", "image": "apple.jpg"}}, {"model": "products.product", "pk": 72, "fields": {"category": 10, "sku": "001502", "name": "Banana", "description": "A ripe and sweet creamy banana flavour", "price": "3.99", "rating": "4.80", "image_url": "https://www.dropbox.com/s/k8rx6evckzt54b4/banana.jpg?dl=0", "image": "banana.jpg"}}, {"model": "products.product", "pk": 73, "fields": {"category": 10, "sku": "001503", "name": "Blue Slush", "description": "A perfectly balanced, sweet, and rich blueberry slush flavour", "price": "3.99", "rating": "5.00", "image_url": "https://www.dropbox.com/s/2exdbgflm1gpcvx/blue-Slush.jpg?dl=0", "image": "blue-slush.jpg"}}, {"model": "products.product", "pk": 74, "fields": {"category": 10, "sku": "001504", "name": "Blueberry", "description": "A sweet, and natural blueberry flavour", "price": "3.99", "rating": "4.10", "image_url": "https://www.dropbox.com/s/jn9je1drlgpujdx/blueberry.jpg?dl=0", "image": "blueberry.jpg"}}, {"model": "products.product", "pk": 75, "fields": {"category": 10, "sku": "001505", "name": "Grape", "description": "A balanced mix of natural grape flavours", "price": "3.99", "rating": "4.60", "image_url": "https://www.dropbox.com/s/zkz08d3cx4f1q2h/grape.jpg?dl=0", "image": "grape.jpg"}}, {"model": "products.product", "pk": 76, "fields": {"category": 11, "sku": "006601", "name": "Bubblegum", "description": "The delicious taste of bubblegum", "price": "19.99", "rating": "4.80", "image_url": "https://www.dropbox.com/s/363atsn90wp59e5/bubblegum.jpg?dl=0", "image": "bubblegum.jpg"}}, {"model": "products.product", "pk": 77, "fields": {"category": 11, "sku": "006602", "name": "Candy Hearts", "description": "The delicious taste of candy hearts", "price": "19.99", "rating": "4.90", "image_url": "https://www.dropbox.com/s/cc7i1cl0raw2ovr/candy-hearts.jpg?dl=0", "image": "candy-hearts.jpg"}}, {"model": "products.product", "pk": 78, "fields": {"category": 11, "sku": "006603", "name": "Cheesecake", "description": "The delicious taste of traditional New York cheesecake", "price": "19.99", "rating": "5.00", "image_url": "https://www.dropbox.com/s/u5h086w82ty5sab/cheesecake.jpg?dl=0", "image": "cheesecake.jpg"}}, {"model": "products.product", "pk": 79, "fields": {"category": 11, "sku": "006604", "name": "Cherry Bakewell", "description": "The taste of traditional british cherry bakewells", "price": "19.99", "rating": "4.50", "image_url": "https://www.dropbox.com/s/r4cjp53al0q8n5s/cherry-bakewell.jpg?dl=0", "image": "cherry-bakewell.jpg"}}, {"model": "products.product", "pk": 80, "fields": {"category": 11, "sku": "006605", "name": "Cherry", "description": "The taste of fresh traditional british cherries", "price": "19.99", "rating": "4.30", "image_url": "https://www.dropbox.com/s/99wz6utsm9vfuxp/cherry.jpg?dl=0", "image": "cherry.jpg"}}, {"model": "products.product", "pk": 81, "fields": {"category": 11, "sku": "010204", "name": "Kylin Mesh M", "description": "Vandyvape Kylin M RTA adopts durable and replaceable mesh coil that extend the coil life effectively. It got a top airflow intake preventing from dirty and oil leakage. The honercomb intake airhole plus trapezoidal airflow intake really enrich and blow out great massive cloud and mild flavor. What’s more, the ceramic sharpnel design built in the deck spurring the suppression in terms of different kinds of cotton volume, which also lower the rate of burning. With the top refilling device and inner juice diversion channel, comfortable and portable feeling are available.", "price": "32.85", "rating": "5.00", "image_url": "https://www.dropbox.com/s/pyxguavr7std3hb/kylin-mesh-m.JPG?dl=0", "image": "kylin-mesh-m.jpg"}}, {"model": "products.product", "pk": 82, "fields": {"category": 11, "sku": "010205", "name": "Wotofo Profile", "description": "Presenting the brilliant new addition to the Wotofo team, the Profile RDTA! This RDTA is the brother of the Profile RDA and is just as brilliant", "price": "26.99", "rating": "5.00", "image_url": "https://www.dropbox.com/s/3z79i83xded97om/wotofo-profile.JPG?dl=0", "image": "wotofo-profile.jpg"}}, {"model": "products.product", "pk": 83, "fields": {"category": 11, "sku": "010301", "name": "Aspire Avp Cube Pod", "description": "Presenting the brand-new and innovative Aspire AVP Cube Pod Kit. Ergonomically designed, the AVP Cube Kit's all-new cube shape fits perfectly in the palm of your hand, providing ultimate comfort.", "price": "12.99", "rating": "4.30", "image_url": "https://www.dropbox.com/s/mhfc9awq8bczirm/aspire-avp-cube-pod.JPG?dl=0", "image": "aspire-avp-cube-pod.jpg"}}, {"model": "products.product", "pk": 84, "fields": {"category": 11, "sku": "010302", "name": "Aspire BP80", "description": "Lightweight, compact, and capable of performing at an astonishing level, the new Aspire BP80 pod device is perfect for all levels of vapers. The Aspire BP80 pod vape kit is a state of the art e-cigarette that accommodates both new and experienced vapers.", "price": "24.99", "rating": "4.60", "image_url": "https://www.dropbox.com/s/bsye2e4u2atqcl3/aspire-bp80.JPG?dl=0", "image": "aspire-bp80.jpg"}}, {"model": "products.product", "pk": 85, "fields": {"category": 11, "sku": "010303", "name": "Voopoo Argus Pro", "description": "Featuring style, comfort and high-level performance, the Argus Pro Pod Kit is the brand new kit from the esteemed brand VooPoo.", "price": "25.99", "rating": "4.90", "image_url": "https://www.dropbox.com/s/0fydhnj5t4x2yyl/voopoo-argus-pro-pod.JPG?dl=0", "image": "voopoo-argus-pro-pod.jpg"}}, {"model": "products.product", "pk": 86, "fields": {"category": 11, "sku": "001501", "name": "Apple", "description": "A fresh, smooth and sweet apple based off a granny smith apple", "price": "3.99", "rating": "4.20", "image_url": "https://www.dropbox.com/s/scj852oprswzzb4/apple.jpg?dl=0", "image": "apple.jpg"}}, {"model": "products.product", "pk": 87, "fields": {"category": 11, "sku": "001502", "name": "Banana", "description": "A ripe and sweet creamy banana flavour", "price": "3.99", "rating": "4.80", "image_url": "https://www.dropbox.com/s/k8rx6evckzt54b4/banana.jpg?dl=0", "image": "banana.jpg"}}, {"model": "products.product", "pk": 88, "fields": {"category": 11, "sku": "001503", "name": "Blue Slush", "description": "A perfectly balanced, sweet, and rich blueberry slush flavour", "price": "3.99", "rating": "5.00", "image_url": "https://www.dropbox.com/s/2exdbgflm1gpcvx/blue-Slush.jpg?dl=0", "image": "blue-slush.jpg"}}, {"model": "products.product", "pk": 89, "fields": {"category": 11, "sku": "001504", "name": "Blueberry", "description": "A sweet, and natural blueberry flavour", "price": "3.99", "rating": "4.10", "image_url": "https://www.dropbox.com/s/jn9je1drlgpujdx/blueberry.jpg?dl=0", "image": "blueberry.jpg"}}, {"model": "products.product", "pk": 90, "fields": {"category": 11, "sku": "001505", "name": "Grape", "description": "A balanced mix of natural grape flavours", "price": "3.99", "rating": "4.60", "image_url": "https://www.dropbox.com/s/zkz08d3cx4f1q2h/grape.jpg?dl=0", "image": "grape.jpg"}}, {"model": "checkout.order", "pk": 1, "fields": {"order_number": "AC640E9F652C44BF9A6AAD0EA9ADD07C", "user_profile": null, "full_name": "Tom martin", "email": "tomcondemned@hotmail.co.uk", "phone_number": "07920115325", "town_or_city": "paignton", "street_address1": "church street", "street_address2": null, "postcode": "TQ2 5BZ", "county": "devon", "country": "England", "date": "2022-07-30T15:14:27.057Z", "delivery_cost": "0.00", "order_total": "65.70", "grand_total": "65.70", "original_bag": "", "stripe_pid": ""}}, {"model": "checkout.order", "pk": 2, "fields": {"order_number": "7DA5A9E632AF41338D1C943E1DF6A265", "user_profile": null, "full_name": "Tom martin", "email": "tomcondemned@hotmail.co.uk", "phone_number": "07920115325", "town_or_city": "paignton", "street_address1": "church street", "street_address2": null, "postcode": "TQ2 5BZ", "county": "devon", "country": "England", "date": "2022-07-30T15:27:32.534Z", "delivery_cost": "0.00", "order_total": "48.98", "grand_total": "48.98", "original_bag": "", "stripe_pid": ""}}, {"model": "checkout.order", "pk": 3, "fields": {"order_number": "DD35953630C448EA88BFEB9E465CAAA5", "user_profile": null, "full_name": "Tom martin", "email": "tomcondemned@hotmail.co.uk", "phone_number": "07920115325", "town_or_city": "paignton", "street_address1": "church street", "street_address2": null, "postcode": "TQ2 5BZ", "county": "devon", "country": "GB", "date": "2022-07-30T18:57:19.079Z", "delivery_cost": "0.00", "order_total": "35.97", "grand_total": "35.97", "original_bag": "{\"73\": 1, \"51\": 1, \"37\": 1}", "stripe_pid": "pi_3LRKpsK7ad8LPnXB0stCRr51"}}, {"model": "checkout.order", "pk": 4, "fields": {"order_number": "FD626ACB7E904D1F9091AF7D13DCB44D", "user_profile": null, "full_name": "Tom martin", "email": "tomcondemned@hotmail.co.uk", "phone_number": "07920115325", "town_or_city": "paignton", "street_address1": "church street", "street_address2": null, "postcode": "TQ2 5BZ", "county": "Devon", "country": "GB", "date": "2022-07-30T19:05:25.412Z", "delivery_cost": "0.00", "order_total": "66.97", "grand_total": "66.97", "original_bag": "{\"55\": 2, \"68\": 1}", "stripe_pid": "pi_3LRKxxK7ad8LPnXB0UU71rrr"}}, {"model": "checkout.order", "pk": 5, "fields": {"order_number": "AFF6B157CE4940E09329A8DE105300C6", "user_profile": null, "full_name": "Tom martin", "email": "tomcondemned@hotmail.co.uk", "phone_number": "07920115325", "town_or_city": "paignton", "street_address1": "church street", "street_address2": null, "postcode": "TQ2 5BZ", "county": "Devon", "country": "GB", "date": "2022-07-31T19:32:07.783Z", "delivery_cost": "0.00", "order_total": "41.98", "grand_total": "41.98", "original_bag": "{\"52\": 1, \"32\": 1}", "stripe_pid": "pi_3LRhqZK7ad8LPnXB1FY5ZveY"}}, {"model": "checkout.order", "pk": 6, "fields": {"order_number": "A9BFD5FC288E44829E9FA205D0C6948E", "user_profile": 1, "full_name": "Tom martin", "email": "tomcondemned@hotmail.co.uk", "phone_number": "07920115325", "town_or_city": "paignton", "street_address1": "3 huckleberry lane", "street_address2": null, "postcode": "TQ2 5BZ", "county": "Devon", "country": "GB", "date": "2022-08-01T21:22:34.984Z", "delivery_cost": "0.00", "order_total": "32.85", "grand_total": "32.85", "original_bag": "{\"53\": 1}", "stripe_pid": "pi_3LS63dK7ad8LPnXB0PvMEp7v"}}, {"model": "checkout.order", "pk": 7, "fields": {"order_number": "E9B7E561EF554F10837B65EE20B9A1F2", "user_profile": null, "full_name": "Tom martin", "email": "tomcondemned@hotmail.co.uk", "phone_number": "07920115325", "town_or_city": "paignton", "street_address1": "church street", "street_address2": null, "postcode": "TQ2 5BZ", "county": null, "country": "GB", "date": "2022-08-04T23:38:42.959Z", "delivery_cost": "0.00", "order_total": "87.96", "grand_total": "87.96", "original_bag": "{\"52\": 4}", "stripe_pid": "pi_3LTDblK7ad8LPnXB1LbvfmRh"}}, {"model": "checkout.order", "pk": 8, "fields": {"order_number": "11DE707ADF084C8ABAC0245FEF74B0F7", "user_profile": null, "full_name": "Tom martin", "email": "tomcondemned@hotmail.co.uk", "phone_number": "07920115325", "town_or_city": "paignton", "street_address1": "church street", "street_address2": null, "postcode": "TQ2 5BZ", "county": "devon", "country": "GB", "date": "2022-08-04T23:57:36.992Z", "delivery_cost": "0.00", "order_total": "124.95", "grand_total": "124.95", "original_bag": "{\"57\": 5}", "stripe_pid": "pi_3LTDuaK7ad8LPnXB1OPaQ1Fn"}}, {"model": "checkout.order", "pk": 9, "fields": {"order_number": "51BC3573517C41349DB81969B6615BA0", "user_profile": null, "full_name": "Tom martin", "email": "tomcondemned@hotmail.co.uk", "phone_number": "07920115325", "town_or_city": "paignton", "street_address1": "church street", "street_address2": null, "postcode": "TQ2 5BZ", "county": "devon", "country": "GB", "date": "2022-08-06T11:34:47.824Z", "delivery_cost": "1.00", "order_total": "9.99", "grand_total": "10.99", "original_bag": "{\"11\": 1}", "stripe_pid": "pi_3LTlG0K7ad8LPnXB0mzXXMwr"}}, {"model": "checkout.order", "pk": 10, "fields": {"order_number": "3FFF4372B08A41C780608EA392F73ACC", "user_profile": null, "full_name": "Tom martin", "email": "tomcondemned@hotmail.co.uk", "phone_number": "07920115325", "town_or_city": "paignton", "street_address1": "church street", "street_address2": null, "postcode": "TQ2 5BZ", "county": "devon", "country": "GB", "date": "2022-08-07T10:30:00.233Z", "delivery_cost": "0.00", "order_total": "51.96", "grand_total": "51.96", "original_bag": "{\"68\": 4}", "stripe_pid": "pi_3LU6jZK7ad8LPnXB1qvW9pyX"}}, {"model": "checkout.orderlineitem", "pk": 2, "fields": {"order": 1, "product": 53, "quantity": 2, "lineitem_total": "65.70"}}, {"model": "checkout.orderlineitem", "pk": 3, "fields": {"order": 2, "product": 43, "quantity": 1, "lineitem_total": "28.99"}}, {"model": "checkout.orderlineitem", "pk": 4, "fields": {"order": 2, "product": 32, "quantity": 1, "lineitem_total": "19.99"}}, {"model": "checkout.orderlineitem", "pk": 5, "fields": {"order": 3, "product": 73, "quantity": 1, "lineitem_total": "3.99"}}, {"model": "checkout.orderlineitem", "pk": 6, "fields": {"order": 3, "product": 51, "quantity": 1, "lineitem_total": "11.99"}}, {"model": "checkout.orderlineitem", "pk": 7, "fields": {"order": 3, "product": 37, "quantity": 1, "lineitem_total": "19.99"}}, {"model": "checkout.orderlineitem", "pk": 8, "fields": {"order": 4, "product": 55, "quantity": 2, "lineitem_total": "53.98"}}, {"model": "checkout.orderlineitem", "pk": 9, "fields": {"order": 4, "product": 68, "quantity": 1, "lineitem_total": "12.99"}}, {"model": "checkout.orderlineitem", "pk": 10, "fields": {"order": 5, "product": 52, "quantity": 1, "lineitem_total": "21.99"}}, {"model": "checkout.orderlineitem", "pk": 11, "fields": {"order": 5, "product": 32, "quantity": 1, "lineitem_total": "19.99"}}, {"model": "checkout.orderlineitem", "pk": 12, "fields": {"order": 6, "product": 53, "quantity": 1, "lineitem_total": "32.85"}}, {"model": "checkout.orderlineitem", "pk": 13, "fields": {"order": 7, "product": 52, "quantity": 4, "lineitem_total": "87.96"}}, {"model": "checkout.orderlineitem", "pk": 14, "fields": {"order": 8, "product": 57, "quantity": 5, "lineitem_total": "124.95"}}, {"model": "checkout.orderlineitem", "pk": 15, "fields": {"order": 9, "product": 11, "quantity": 1, "lineitem_total": "9.99"}}, {"model": "checkout.orderlineitem", "pk": 16, "fields": {"order": 10, "product": 68, "quantity": 4, "lineitem_total": "51.96"}}, {"model": "profiles.userprofile", "pk": 1, "fields": {"user": 1, "default_phone_number": "07920115325", "default_street_address1": "3 huckleberry lane", "default_street_address2": null, "default_town_or_city": "paignton", "default_county": "Devon", "default_postcode": "TQ2 5BZ", "default_country": "GB"}}, {"model": "profiles.userprofile", "pk": 2, "fields": {"user": 2, "default_phone_number": null, "default_street_address1": null, "default_street_address2": null, "default_town_or_city": null, "default_county": null, "default_postcode": null, "default_country": null}}, {"model": "wishlist.wishlist", "pk": 1, "fields": {"name": "8stringking", "profile": 1}}, {"model": "wishlist.wishlist", "pk": 2, "fields": {"name": "8stringking", "profile": 1}}, {"model": "wishlist.wishlist", "pk": 3, "fields": {"name": "8stringking", "profile": 1}}, {"model": "wishlist.wishlist", "pk": 4, "fields": {"name": "8stringking", "profile": 1}}, {"model": "wishlist.wishlist", "pk": 5, "fields": {"name": "8stringking", "profile": 1}}, {"model": "wishlist.wishlist", "pk": 6, "fields": {"name": "8stringking", "profile": 1}}, {"model": "wishlist.wishlist", "pk": 7, "fields": {"name": "8stringking", "profile": 1}}, {"model": "wishlist.wishlist", "pk": 8, "fields": {"name": "8stringking", "profile": 1}}, {"model": "wishlist.wishlist", "pk": 9, "fields": {"name": "8stringking", "profile": 1}}, {"model": "wishlist.wishlist", "pk": 10, "fields": {"name": "8stringking", "profile": 1}}, {"model": "wishlist.wishlist", "pk": 11, "fields": {"name": "8stringking", "profile": 1}}, {"model": "wishlist.wishlist", "pk": 12, "fields": {"name": "8stringking", "profile": 1}}, {"model": "wishlist.wishlist", "pk": 13, "fields": {"name": "tom0155", "profile": 2}}, {"model": "wishlist.wishlist", "pk": 14, "fields": {"name": "tom0155", "profile": 2}}, {"model": "wishlist.wishlist", "pk": 15, "fields": {"name": "8stringking", "profile": 1}}, {"model": "wishlist.wishlistitem", "pk": 2, "fields": {"wishlist": 1, "product": 12}}, {"model": "wishlist.wishlistitem", "pk": 3, "fields": {"wishlist": 1, "product": 43}}]